{   "version": "0.2.0",
    "configurations": [
        {
            "name": "Debug STM32",
            "type": "cortex-debug",
            "request": "launch",
            "cwd": "${workspaceRoot}",
            "executable": "${workspaceRoot}\\output\\main.elf",
            "device": "STM32G474RETx",
            "interface": "swd",
            "servertype": "openocd",
            "serverpath": "C:\\Apps\\STMicroelectronics\\STM32CubeIDE_1.16.0\\STM32CubeIDE\\plugins\\com.st.stm32cube.ide.mcu.externaltools.openocd.win32_2.3.200.202404091248\\tools\\bin\\openocd.exe",
            "armToolchainPath": "C:\\Apps\\GNU_ARM_EMBED\\13_3_1-2024_07\\bin",
            "gdbPath": "C:\\Apps\\GNU_ARM_EMBED\\13_3_1-2024_07\\bin\\arm-none-eabi-gdb",
            "svdFile": "C:\\Apps\\STMicroelectronics\\STM32Cube\\STM32CubeProgrammer\\SVD\\STM32G474xx.svd",
            "configFiles": [
                "C:\\Apps\\STMicroelectronics\\STM32CubeIDE_1.16.0\\STM32CubeIDE\\plugins\\com.st.stm32cube.ide.mcu.debug.openocd_2.2.100.202406131243\\resources\\openocd\\st_scripts\\interface\\stlink-dap.cfg",
                "C:\\Apps\\STMicroelectronics\\STM32CubeIDE_1.16.0\\STM32CubeIDE\\plugins\\com.st.stm32cube.ide.mcu.debug.openocd_2.2.100.202406131243\\resources\\openocd\\st_scripts\\target\\stm32g4x.cfg",
            ],
            "serverArgs": [
                "-s",
                "C:\\Apps\\STMicroelectronics\\STM32CubeIDE_1.16.0\\STM32CubeIDE\\plugins\\com.st.stm32cube.ide.mcu.debug.openocd_2.2.100.202406131243\\resources\\openocd\\st_scripts",
            ],
            "postRestartCommands": [
                "monitor reset halt",
                "monitor reset init",
                "monitor reset run"
            ],
        }
    ]
}